method,auroc,auroc_p,auprc,auprc_lo,auprc_hi,auprc_fold,p_at_25,p_at_50,p_at_100,p_at_200
Pearson-raw (no network),0.4602,0.6717,0.00948,0.00288,0.03967,1.68,0.0,0.02,0.01,0.005
Spearman-raw (no network),0.4325,0.7703,0.00606,0.00263,0.01277,1.07,0.0,0.0,0.0,0.005
TRACE-Pearson (ours),0.4741,0.6156,0.0103,0.00293,0.04752,1.82,0.04,0.02,0.01,0.005
TRACE-VAE (ours),0.6394,0.0601,0.0186,0.00403,0.11884,3.29,0.04,0.02,0.01,0.005
